gene_id	gene_name	biotype	baseMean	log2FoldChange	lfcSE	stat	pvalue	padj	significant_FDR05	large_effect_FDR05
YBR171W	SEC66	protein_coding	603.452769917532	-10.4907678076064	0.84081537978693	-12.4768980917843	9.97993451026681e-36	5.64564895245793e-32	TRUE	TRUE
YGL255W	ZRT1	protein_coding	1552.1985246185	-2.01919367426749	0.175117755002564	-11.5304908644924	9.26141445117124e-31	2.61959107751379e-27	TRUE	TRUE
YBR093C	PHO5	protein_coding	2851.33952135846	-1.93416220703721	0.168401636292028	-11.4854121944703	1.56188743229576e-30	2.94519906816571e-27	TRUE	TRUE
YNR034W-A	EGO4	protein_coding	218.071481144727	-2.36735880996705	0.254212158696151	-9.31253179277176	1.24820845830254e-20	1.76527881215436e-17	TRUE	TRUE
YHR215W	PHO12	protein_coding	1411.56220214433	-1.42601216607197	0.154569230900239	-9.22571819608998	2.81666904690854e-20	3.18677935967232e-17	TRUE	TRUE
YAR071W	PHO11	protein_coding	304.606113777026	-1.63800411457209	0.184677400584458	-8.86954283192325	7.34468047649934e-19	6.92480957592613e-16	TRUE	TRUE
YDR214W	AHA1	protein_coding	1989.61495452194	1.20107992912538	0.138704087558788	8.659297287229	4.74681368986081e-18	3.35659063044283e-15	TRUE	TRUE
YLR109W	AHP1	protein_coding	5822.74150074601	1.06236079513251	0.126038837907261	8.42883679960769	3.4911807575386e-17	2.19440106059954e-14	TRUE	TRUE
YOR161C	PNS1	protein_coding	198.034888255748	-1.25301875454798	0.164825294821553	-7.60210231023434	2.91358237604931e-14	1.26785657702392e-11	TRUE	TRUE
YDL039C	PRM7	protein_coding	1934.61416355462	-1.04591282254898	0.138361377331969	-7.55928310860576	4.05296894019511e-14	1.63768894962027e-11	TRUE	TRUE
YFR015C	GSY1	protein_coding	263.661966088512	-1.24710604787394	0.167112428894907	-7.46267681058127	8.47821293329191e-14	3.19741670424215e-11	TRUE	TRUE
YML100W	TSL1	protein_coding	714.797306239911	-1.27303797915606	0.17822883891937	-7.14271599857071	9.15045632240862e-13	2.8757850786592e-10	TRUE	TRUE
YGL062W	PYC1	protein_coding	871.576833284188	1.07156871464564	0.156017650615425	6.86825311379031	6.49928313399589e-12	1.93507603626394e-09	TRUE	TRUE
YDL037C	BSC1	protein_coding	774.39157671115	-1.07020420036182	0.16032839086124	-6.67507603995136	2.4710400874589e-11	6.65651132131191e-09	TRUE	TRUE
YOR338W	YOR338W	protein_coding	505.087205858347	1.07554915534036	0.16134464633956	6.66615955187503	2.62583792980542e-11	6.67034702431765e-09	TRUE	TRUE
YHR216W	IMD2	protein_coding	700.204293587598	-1.0809758365996	0.163718233073306	-6.60266004773939	4.03844902018743e-11	9.51896087800013e-09	TRUE	TRUE
YGR088W	CTT1	protein_coding	338.538014233059	-1.57451848305275	0.241902498530452	-6.50889714913194	7.57045310854453e-11	1.71304212940146e-08	TRUE	TRUE
YGR052W	FMP48	protein_coding	90.3466677957861	-1.59974582791189	0.246906634353351	-6.47915286724325	9.22390163349708e-11	2.0069081361805e-08	TRUE	TRUE
YLL062C	MHT1	protein_coding	243.586475631605	1.18992867716424	0.188410895697806	6.31560437498679	2.69107685584055e-10	4.91078121725483e-08	TRUE	TRUE
YEL065W	SIT1	protein_coding	425.070973050355	1.0216547450301	0.165840688498551	6.1604588975101	7.2534440607283e-10	1.21267813791005e-07	TRUE	TRUE
YPL250C	ATG41	protein_coding	157.603543688264	-1.33328931803382	0.218741129096897	-6.0952840626657	1.092432868617e-09	1.71663687160176e-07	TRUE	TRUE
YAL005C	SSA1	protein_coding	3619.04100115874	1.08250194369443	0.17975999812787	6.02192898847502	1.72350513884873e-09	2.6350996136398e-07	TRUE	TRUE
YOR178C	GAC1	protein_coding	51.5472194398935	-2.15378475480108	0.378981709299292	-5.68308364744901	1.32287525587967e-08	1.70079666420712e-06	TRUE	TRUE
YLR438W	CAR2	protein_coding	136.943483291673	1.61308207480341	0.290327495782084	5.55607752706331	2.75904365688841e-08	3.18528774837097e-06	TRUE	TRUE
YEL011W	GLC3	protein_coding	141.339765873518	-1.06503758949741	0.197752817930336	-5.38570120337095	7.21627583203975e-08	7.16183725997348e-06	TRUE	TRUE
YDL204W	RTN2	protein_coding	169.365315402271	-1.16645857537644	0.221158210333282	-5.27431730261611	1.33251187487871e-07	1.15520497944924e-05	TRUE	TRUE
YBL043W	ECM13	protein_coding	144.494264834891	1.16141946207398	0.230613958328744	5.03620626648432	4.7484886639597e-07	3.4002785281038e-05	TRUE	TRUE
YKL163W	PIR3	protein_coding	174.012204237487	-1.37777477469187	0.285824172178088	-4.82035778917053	1.43300979757048e-06	8.81145263571328e-05	TRUE	TRUE
YDR216W	ADR1	protein_coding	150.680402689724	1.13069480025128	0.262031665960469	4.31510747415488	1.59525273209948e-05	0.000508269842356442	TRUE	TRUE
YDR040C	ENA1	protein_coding	90.6793461588414	1.11237130643757	0.265835496773792	4.18443481001382	2.85876467927045e-05	0.000812664914102156	TRUE	TRUE
YDR379C-A	SDH6	protein_coding	51.3843932420684	1.15565863948798	0.283549890573668	4.07568007573517	4.58800612815132e-05	0.00114336346550449	TRUE	TRUE
YOL084W	PHM7	protein_coding	85.0660367333219	-1.14887541487916	0.284031812812587	-4.04488287245916	5.23492898832065e-05	0.00125021297384229	TRUE	TRUE
YNR014W	YNR014W	protein_coding	73.3142463558057	-1.33536561778505	0.329928665582101	-4.04743739204665	5.17814260529803e-05	0.00125021297384229	TRUE	TRUE
YBL049W	MOH1	protein_coding	34.8424399806046	-1.59081979032493	0.394252787784524	-4.03502483587861	5.45965222753285e-05	0.00127804680693925	TRUE	TRUE
YAL067C	SEO1	protein_coding	95.3681734216614	1.21538907635005	0.304944758283386	3.98560409167809	6.73086615626284e-05	0.00150500038916913	TRUE	TRUE
YNL194C	YNL194C	protein_coding	11.703553128002	-2.70768883005305	0.679768554830027	-3.98325107981804	6.79788689474919e-05	0.00150876250659025	TRUE	TRUE
YGL096W	TOS8	protein_coding	109.19870099453	-1.25458217268285	0.31846497131471	-3.93946677244783	8.16629108691132e-05	0.00175383182024602	TRUE	TRUE
YER188W	YER188W	protein_coding	115.858975189251	-1.14766506419715	0.292586335328665	-3.92248347110253	8.76409074532477e-05	0.00187088533382272	TRUE	TRUE
YJL188C	BUD19	protein_coding	16.0520944622712	-2.4770351632704	0.642844081069392	-3.85324410104201	0.000116563079027628	0.00238125106632923	TRUE	TRUE
YAL061W	BDH2	protein_coding	96.346258249342	-1.24827398850171	0.332898557337628	-3.74971282088105	0.000177037195719859	0.00326221308204314	TRUE	TRUE
YLL052C	AQY2	protein_coding	42.3532112757039	-1.15167822995334	0.308933826168791	-3.72791236309649	0.000193072488434614	0.00345030562501706	TRUE	TRUE
YER067W	RGI1	protein_coding	408.14692495977	-2.01505319741529	0.545283193785125	-3.69542509356953	0.000219519194646515	0.00375172230850555	TRUE	TRUE
YBR054W	YRO2	protein_coding	1193.87082404047	-2.06685721517659	0.576637622286446	-3.584325987925	0.000337949785322192	0.00523775872758258	TRUE	TRUE
YGR248W	SOL4	protein_coding	54.8747419699364	-1.14972862066823	0.322392869423027	-3.56623464633646	0.000362147141731353	0.00549240316561465	TRUE	TRUE
YPL165C	SET6	protein_coding	47.5811520264342	-1.05404087023343	0.300037216779588	-3.51303375476831	0.000443021191041911	0.00645697129010758	TRUE	TRUE
YBR294W	SUL1	protein_coding	25.6752159489161	1.39202004588246	0.401656868272011	3.46569461608149	0.000528863612915058	0.00744224243348379	TRUE	TRUE
YGR142W	BTN2	protein_coding	2107.95144004241	-1.21945310827344	0.370328884501366	-3.29289223527725	0.0009916247445874	0.0122480811793252	TRUE	TRUE
YFR032C	RRT5	protein_coding	26.4351856409724	-1.26816853429615	0.392834095866664	-3.22825474580646	0.00124548006126697	0.0148643052881588	TRUE	TRUE
YGR254W	ENO1	protein_coding	8698.55387072742	-1.07743876957966	0.334276811033315	-3.22319327580362	0.00126769984884947	0.0149946507552799	TRUE	TRUE
YHR087W	RTC3	protein_coding	212.584382410471	-1.43891966297242	0.449326515703029	-3.20239205273931	0.00136291369902179	0.0156707373889558	TRUE	TRUE
YGL123C-A	YGL123C-A	protein_coding	28.312342369768	-1.60911209575124	0.514114266121104	-3.12987248514165	0.0017488219892214	0.0191726472733052	TRUE	TRUE
YNL077W	APJ1	protein_coding	513.11539258148	-1.1156412176471	0.364483561276498	-3.06088212521818	0.00220685956502552	0.0224940622690979	TRUE	TRUE
YDR074W	TPS2	protein_coding	2064.38962232594	-1.08283888401539	0.35658118878785	-3.03672464522415	0.00239163821829334	0.0237776755727336	TRUE	TRUE
YFR053C	HXK1	protein_coding	648.631098105498	1.44842208828026	0.47802114012252	3.03003772575627	0.00244523193299235	0.024015064314128	TRUE	TRUE
YGR109C	CLB6	protein_coding	45.4113444597223	1.25264772256338	0.41479467565163	3.01992237628294	0.00252839476687003	0.0246181225407638	TRUE	TRUE
YDR343C	HXT6	protein_coding	24.144318139554	-1.20088394232954	0.401751602071426	-2.98912048175488	0.00279781783974188	0.0265113157779227	TRUE	TRUE
YFR052C-A	YFR052C-A	protein_coding	33.1966717460968	1.2722939188814	0.427621334044099	2.97528167467479	0.00292719631559615	0.0273704951360784	TRUE	TRUE
YDR119W-A	COX26	protein_coding	19.7879750096635	-1.33493649291451	0.462366931329899	-2.88717986183582	0.00388711953638585	0.0338299003343612	TRUE	TRUE
YIL113W	SDP1	protein_coding	34.7235567623629	-1.18883125397263	0.416635948569478	-2.85340537237484	0.00432534075323009	0.0364656522220903	TRUE	TRUE
YMR250W	GAD1	protein_coding	429.742525862207	-1.13472135887966	0.411575969556705	-2.75701557625396	0.00583315727903539	0.0454520257954589	TRUE	TRUE
YGL102C	YGL102C	protein_coding	10.7618922732478	-1.85351777630067	0.676412230950272	-2.7402191910349	0.00613982226882904	0.0472144897059892	TRUE	TRUE
